[{"player_sk": 1, "p_name": "Tiger", "p_sname": "Woods", "prize": 10000.0, "year": 2014}, {"player_sk": 2, "p_name": "Jane", "p_sname": "Smith", "prize": 20000.0, "year": 2014}, {"player_sk": 2, "p_name": "Jane", "p_sname": "Smith", "prize": 1000.0, "year": 2014}, {"player_sk": 2, "p_name": "Jane", "p_sname": "Smith", "prize": 10000.0, "year": 2014}, {"player_sk": 1, "p_name": "Tiger", "p_sname": "Woods", "prize": 1100.0, "year": 2014}, {"player_sk": 6, "p_name": "Mario", "p_sname": "Baggio", "prize": 6000.0, "year": 2014}, {"player_sk": 2, "p_name": "Jane", "p_sname": "Smith", "prize": 9000.0, "year": 2014}, {"player_sk": 1, "p_name": "Tiger", "p_sname": "Woods", "prize": 10000.0, "year": 2014}, {"player_sk": 5, "p_name": "John", "p_sname": "McDonald", "prize": 9500.0, "year": 2014}, {"player_sk": 5, "p_name": "John", "p_sname": "McDonald", "prize": 10000.0, "year": 2014}, {"player_sk": 5, "p_name": "John", "p_sname": "McDonald", "prize": 100.0, "year": 2014}, {"player_sk": 5, "p_name": "John", "p_sname": "McDonald", "prize": 1000.0, "year": 2014}, {"player_sk": 1, "p_name": "Tiger", "p_sname": "Woods", "prize": 2000.0, "year": 2014}, {"player_sk": 1, "p_name": "Tiger", "p_sname": "Woods", "prize": 6000.0, "year": 2014}, {"player_sk": 1, "p_name": "Tiger", "p_sname": "Woods", "prize": 17000.0, "year": 2014}, {"player_sk": 5, "p_name": "John", "p_sname": "McDonald", "prize": 1100.0, "year": 2014}, {"player_sk": 10, "p_name": "Martha", "p_sname": "Ross", "prize": 8000.0, "year": 2014}, {"player_sk": 1, "p_name": "Tiger", "p_sname": "Woods", "prize": 12000.0, "year": 2014}, {"player_sk": 5, "p_name": "John", "p_sname": "McDonald", "prize": 10000.0, "year": 2014}, {"player_sk": 9, "p_name": "Peter", "p_sname": "Flynn", "prize": 9000.0, "year": 2014}, {"player_sk": 9, "p_name": "Peter", "p_sname": "Flynn", "prize": 1000.0, "year": 2014}, {"player_sk": 9, "p_name": "Peter", "p_sname": "Flynn", "prize": 1000.0, "year": 2014}, {"player_sk": 9, "p_name": "Peter", "p_sname": "Flynn", "prize": 8000.0, "year": 2014}, {"player_sk": 1, "p_name": "Tiger", "p_sname": "Woods", "prize": 16000.0, "year": 2014}, {"player_sk": 5, "p_name": "John", "p_sname": "McDonald", "prize": 20000.0, "year": 2014}, {"player_sk": 5, "p_name": "John", "p_sname": "McDonald", "prize": 2000.0, "year": 2014}, {"player_sk": 9, "p_name": "Peter", "p_sname": "Flynn", "prize": 9400.0, "year": 2014}, {"player_sk": 8, "p_name": "Paul", "p_sname": "Bin", "prize": 12000.0, "year": 2014}]